"Dataset","Accuracy","Precision","Recall","F1_Score","AUC"
"Train",0.866251944012442,0.875,0.820689655172414,0.846975088967971,0.93060466933672
"Validation",0.840579710144927,0.807017543859649,0.807017543859649,0.807017543859649,0.898635477582846
"Test",0.897810218978102,0.876923076923077,0.904761904761905,0.890625,0.932432432432432
