"Model","Accuracy","Precision","Recall","F1_Score","AUC","Log_Loss","MAE","MSE","RMSE","R_Squared","Processing_Time"
"Logistic Regression",0.840579710144927,0.807017543859649,0.807017543859649,0.807017543859649,0.898635477582846,0.386849598892983,2.0323453305915,4.24715665481988,2.06086308492822,-0.00111211781206011,0.198894023895264
"Random Forest",0.855072463768116,0.836363636363636,0.807017543859649,0.821428571428571,0.911089452025124,0.366331941271769,2.03094202898551,4.24015,2.0591624510951,0.00053944524896965,0.8979651927948
"CART",0.804347826086957,0.741935483870968,0.807017543859649,0.773109243697479,0.839397877409573,0.491519051663155,2.06410721594649,4.40909685810624,2.09978495520523,-0.0392836083048678,0.206368923187256
